{
  "project_info": {
    "project_number": "611517622248",
    "firebase_url": "https://mytodolist-cfb62.firebaseio.com",
    "project_id": "mytodolist-cfb62",
    "storage_bucket": "mytodolist-cfb62.appspot.com"
  },
  "client": [
    {
      "client_info": {
        "mobilesdk_app_id": "1:611517622248:android:f5f115db6ab39bdfa4a65d",
        "android_client_info": {
          "package_name": "com.example.mytodolist"
        }
      },
      "oauth_client": [
        {
          "client_id": "611517622248-2seqqsb6d8cm5b5k0aug7e3r66me2a0n.apps.googleusercontent.com",
          "client_type": 1,
          "android_info": {
            "package_name": "com.example.mytodolist",
            "certificate_hash": "80e85ba88ec78622c17698abfa7bb5d9da629b00"
          }
        },
        {
          "client_id": "611517622248-nndgb2f8gcm51657dp8ftkns6sl0o9j8.apps.googleusercontent.com",
          "client_type": 3
        }
      ],
      "api_key": [
        {
          "current_key": "AIzaSyDnDeMgohK6aiW13c8DhaRBJoS-uTjC9M8"
        }
      ],
      "services": {
        "appinvite_service": {
          "other_platform_oauth_client": [
            {
              "client_id": "611517622248-nndgb2f8gcm51657dp8ftkns6sl0o9j8.apps.googleusercontent.com",
              "client_type": 3
            }
          ]
        }
      }
    }
  ],
  "configuration_version": "1"
}